[{"pos_x": 120.142, "pos_y": -84.896, "rotation": 0.0, "side": "top", "designator": "J5", "mpn": null, "pack": "PinSocket_1x15_P2.54mm_Vertical", "value": "Every_Nano_RightHdr", "mount_type": "tht", "place": true}, {"pos_x": 171.58, "pos_y": -134.09, "rotation": -90.0, "side": "top", "designator": "J2", "mpn": null, "pack": "PinSocket_1x07_P2.54mm_Vertical", "value": "Keypad_Socket", "mount_type": "tht", "place": true}, {"pos_x": 128.27, "pos_y": -72.39, "rotation": 180.0, "side": "top", "designator": "R2", "mpn": null, "pack": "R_Axial_DIN0207_L6.3mm_D2.5mm_P10.16mm_Horizontal", "value": "100R", "mount_type": "tht", "place": true}, {"pos_x": 128.27, "pos_y": -68.326, "rotation": 180.0, "side": "top", "designator": "R1", "mpn": null, "pack": "R_Axial_DIN0207_L6.3mm_D2.5mm_P10.16mm_Horizontal", "value": "150R", "mount_type": "tht", "place": true}, {"pos_x": 135.382, "pos_y": -120.396, "rotation": 180.0, "side": "top", "designator": "J4", "mpn": null, "pack": "PinSocket_1x15_P2.54mm_Vertical", "value": "Every_Nano_LeftHdr", "mount_type": "tht", "place": true}, {"pos_x": 112.82, "pos_y": -121.4, "rotation": 0.0, "side": "top", "designator": "G***", "mpn": null, "pack": "lockingdiarylogo", "value": "LOGO", "mount_type": "tht", "place": false}, {"pos_x": 196.31, "pos_y": -130.97, "rotation": 0.0, "side": "top", "designator": "REF**", "mpn": null, "pack": "MountingHole_5.3mm_M5_DIN965_Pad", "value": "MountingHole_5.3mm_M5_DIN965_Pad", "mount_type": "tht", "place": false}, {"pos_x": 113.284, "pos_y": -130.334, "rotation": -90.0, "side": "top", "designator": "J1", "mpn": null, "pack": "JST_PH_S2B-PH-K_1x02_P2.00mm_Horizontal", "value": "Power_Socket", "mount_type": "tht", "place": true}, {"pos_x": 196.342, "pos_y": -71.882, "rotation": 0.0, "side": "top", "designator": "REF**", "mpn": null, "pack": "MountingHole_5.3mm_M5_DIN965_Pad", "value": "MountingHole_5.3mm_M5_DIN965_Pad", "mount_type": "tht", "place": false}, {"pos_x": 128.27, "pos_y": -76.454, "rotation": 180.0, "side": "top", "designator": "R3", "mpn": null, "pack": "R_Axial_DIN0207_L6.3mm_D2.5mm_P10.16mm_Horizontal", "value": "100R", "mount_type": "tht", "place": true}, {"pos_x": 134.366, "pos_y": -68.072, "rotation": -90.0, "side": "top", "designator": "D1", "mpn": null, "pack": "LED_D5.0mm-4_RGB", "value": "LED_RKGB", "mount_type": "tht", "place": true}, {"pos_x": 112.12, "pos_y": -100.83, "rotation": 0.0, "side": "top", "designator": "REF**", "mpn": null, "pack": "MountingHole_5.3mm_M5_DIN965_Pad", "value": "MountingHole_5.3mm_M5_DIN965_Pad", "mount_type": "tht", "place": false}, {"pos_x": 194.93, "pos_y": -104.4, "rotation": 90.0, "side": "top", "designator": "J3", "mpn": null, "pack": "JST_PH_S3B-PH-K_1x03_P2.00mm_Horizontal", "value": "Servo_Socket", "mount_type": "tht", "place": true}]